Link,Title,Location,Salary,Summary
https://kr.indeed.com/viewjob?jk=74c9c40594f52ac6,Material  Planner  -  Display  Technologies,Dupont  충청남도  천안,,existing  contracts  or  purchase  orders.  Lead  resolution  of  short-  term  supply/demand  imbalances.  Collaborates  with  Contract...
https://kr.indeed.com/viewjob?jk=809d08a53acbed98,CIB  Project  execution/  WP  Tech  for  Korea,"JPMorgan  Chase  Bank,  N.A.  서울",,"drives  everything  we  do.  We  strive  to  build  trusted,  long-  term  partnerships  to  help  our  clients  achieve...  business..."
https://kr.indeed.com/viewjob?jk=216fe402e5671260,CIB  -  Investment  Banking  Origination  Ass...,"JPMorgan  Chase  Bank,  N.A.  서울",,"drives  everything  we  do.  We  strive  to  build  trusted,  long-  term  partnerships  to  help  our  clients  achieve...  business..."
https://kr.indeed.com/viewjob?jk=5a69760c054926df,"블록체인  개발자  (팀  리더,  CTO)를  찾습니다!",주식회사  핀스프로토콜  서울,"연봉  30,000,000원  -  120,000,000원",talented  people  who  are  interested  in  our  Defi's  long-  term  growth.  Official  Page:  https...  pynths.com  Medium:  https...
https://kr.indeed.com/viewjob?jk=61c7c4d0f57e34cd,"Regional  Director,  South  Korea",University  of  Maryland  Global  Campus  대한민국,,leaders.  Assist...  planning  and  coordinating...  annual  and  term-specific  hybrid  and  F2F  schedule  of  classes.  Assist...
https://kr.indeed.com/viewjob?jk=0f9b762e5d468542,CW-Associate  Value  Access,Amgen  서울,,"market  access  in  South  Korea  Develop  and  manage  long-  term  working  relationships  with  industry,  government  and  academics..."
https://kr.indeed.com/viewjob?jk=419692b3ddb34768,Analytics  Specialist,MightyHive  서울,,drive  long-  term  value...  role  focuses...  uncover  opportunities  to  drive  long-  term  value  Business  Facing  Project  manage...
https://kr.indeed.com/viewjob?jk=23ec9f97a2bd1de4,Financial  Analyst  (Fixed-term),Thermo  Fisher  Scientific  3.5  서울,,"At  Thermo  Fisher  Scientific,  each  one  of  our  75,000  extraordinary  minds  has  a  unique  story  to  tell.  Join  us  and  contribute..."
https://kr.indeed.com/viewjob?jk=6f6903014017b5c9,Intern  -  Public  Information,United  Nations  ESCAP  인천,,"short,  medium  and  long  term  as  well...  commission  of  any...  acts.  The  term  “sexual  exploitation”  means  any  actual..."
https://kr.indeed.com/viewjob?jk=eab7884932f6ea3e,Recruiter,ASML  대한민국,,"intelligence,  business  needs  and  formulate  immediate-to-long  term  recruitment  strategies.  You  will  responsible...  full..."
https://kr.indeed.com/viewjob?jk=ce7849f8b35e1c3e,Technical  Enablement  Manager,DataDog  서울,,continues  to  innovate...  well  positioned...  long  term.  Equal  Opportunity  at  Datadog:  Datadog  is  an  Affirmative...
https://kr.indeed.com/viewjob?jk=6b56e55530ae8557,[L'Oreal  Korea]  Kerastase  Sr.  eCommerce...,L'Oreal  4.1  서울,,"eCommerce  Specialist  Build,  manage  and  develop  long-  term  Ecommerce  relationships  in  order  to  achieve  the  targeted  sales..."
https://kr.indeed.com/viewjob?jk=a3e74aa5a8da761a,Clinical  Research  -  Translator  (Pipeline...,IQVIA  서울,,"input.  You...  part  of  a  global  team  with  exciting  long-  term  career  opportunities.  So,  if  you  have  an  entrepreneurial..."
https://kr.indeed.com/viewjob?jk=a39a0db2e06d27f6,Technical  Director,ASM  대한민국,,strategic  and  policy  development  aspects...  have  medium  term  consequences...  operation...  function  and  perhaps...
https://kr.indeed.com/viewjob?jk=0308aa20d53c7be9,Head  of  Google  for  Education,Google  4.3  서울,,Develop  and  execute  strategy  that  balances  investments  for  long-  term  business  growth  while  working  towards  strategic  goals...
https://kr.indeed.com/viewjob?jk=bec4242ba2d42564,Assistant  Supply  Planning  Manager,Unilever  대한민국,,business  growth  (both  medium  term  and  long  term)  Sourcing  Network  Optimization...  capacity  (medium  term...  sourcing...
https://kr.indeed.com/viewjob?jk=d2a3e4a71ede71be,Junior  Marketing  Manager  (Beauty  Categor...,Philips  4.0  서울,,"Strategy  tracking  &  action  planning  (for  short  to  mid-long  term  etc)  working  with  marketing  managers,  multifunctional..."
https://kr.indeed.com/viewjob?jk=1ed0d470d1b09a5f,Intern  -  Economic  Affairs,United  Nations  ESCAP  인천,,commission  of  any...  acts.  The  term  “sexual  exploitation”  means  any  actual...  conditions.  The  term  “sexual  harassment...
https://kr.indeed.com/viewjob?jk=82173f9971467b22,Production  Planner,CSK  Inc.  경기도  용인,,manufacturing  innovation  work  from  short-  term  and  mid-  and  long-  term  perspectives  by  constantly  examining  and  analyzing...
https://kr.indeed.com/viewjob?jk=19c2aecc93b3d299,Maintenance  Engineer  (E&I),INEOS  Styrolution  대한민국,,Review  annual  shutdown  maintenance  work  plan  including  4yr  long-  term  shutdown  Perform  immediate  action  for  unplanned  shutdown...
https://kr.indeed.com/viewjob?jk=dc9e2e0e16b87c09,"Senior  Sales  Representative,  Hip&Trauma",Stryker  Corporation  서울,,"achieve  financial  goals...  business.  Develop  short-  term  and  long-  term  sales  strategy,  execute  marketing  plans  through..."
https://kr.indeed.com/viewjob?jk=412bdf18d123c52b,SECURITY  SPECIALIST,US  Pacific  Air  Forces  대한민국,,disabilities  Land  &  base  management  Certain  current  or  former  term  or  temporary  federal  employees  of  a  land  or  base...
https://kr.indeed.com/viewjob?jk=efab6d4feed3e772,Marketing  Specialist  (수시모집  인재풀  등록),3M  4.0  서울,,analytical  skills  to  analyze  trends  or  marketing  data.  Uses  short-  term  planning  skills  when  forecasting  or  providing  guidance...
https://kr.indeed.com/viewjob?jk=02557f336a1b6c98,Talent  Acquisition  Manager,Burberry  서울,,key  to  our  long-  term  success.  JOB...  team  members  Ability  to  see  short  term  and  long  term  effects  of  possible  actions...
https://kr.indeed.com/viewjob?jk=1b28e89d02afb811,[Consumer  Health]  Korea  Supply  Chain  Hea...,Johnson  &  Johnson  Family  of  Companies  4.2  서울,,"oriented  and  ability  to  follow  through  on  committed  tasks  Long-  term  thinking,  innovative  &  collaborative  working  Min.  fluent..."
https://kr.indeed.com/viewjob?jk=d9de657d14534741,Hiring  Junior  Literature  &  Subjects  Teac...,One-Stop  Prep  대한민국,,provided  after  successful  completion  of  contracted  term.  [Housing  Support]  Company  will  provide  housing  stipend...
https://kr.indeed.com/viewjob?jk=97402dc0136c317d,Visual  Display  Spec  II,Columbia  Sportswear  Company  서울,,support  store  openings/closings  5.  Manage  VM  budget  *  Fixed-  term  Contractor  :  replacement  for  childcare  leave  Columbia...
https://kr.indeed.com/viewjob?jk=19d696a203dae172,Communications  Specialist,MSD  서울,,calls  or  emails.  Employee  Status:  Temporary  (Fixed  Term)  Relocation:  Domestic  VISA  Sponsorship:  Travel  Requirements...
https://kr.indeed.com/viewjob?jk=5d45a4c7bfb593de,[해외취업]  플라스틱  사출&무역물류  전문기업  /  회계관리  부문  인턴사원,사이다링크  서울  논현동,,your  outcome  in  mind.  We  strive  to  create  a  long  term  personalized  relationship  with  all  our  clients  by  demonstrating  premium...
https://kr.indeed.com/viewjob?jk=e7ac8061b9bedd3c,Scientist  -  APAC  Fast  Trak,Cytiva  인천,,so  you  can  grow  your  career  and  expand  your  skills...  long  term.  Cytiva  is  proud  to  work  alongside  a  community  of  nine...
https://kr.indeed.com/viewjob?jk=a94cecb45bffdad5,Digital  Operations  Manager  (Icheon),Nike  4.1  대한민국,,"DC  operations  *  Develop  the  mid  /  long  term  network  strategy  including  budget...  role  in  long-  term  planning,  project..."
https://kr.indeed.com/viewjob?jk=2b84e0b5e52ae4f0,"Investigative  Correspondent,  Asia",The  New  York  Times  서울,,explanatory  work  -  on  both  quick  turnaround  and  long-  term  projects...  an  important  and  diverse  region...  ideal...
https://kr.indeed.com/viewjob?jk=cc3c5e7894d35db6,Supervisory  Workforce  Management  Special...,US  U.S.  Army  Corps  of  Engineers  대한민국,,Land  &  base  management  Certain  current  or  former  term  or  temporary  federal  employees  of  a  land  or  base  management  agency...
https://kr.indeed.com/viewjob?jk=d539e2adfdd563c8,Director  and  Global  Account  Lead,Google  4.3  서울,,strategy.  Develop  relationships  that  allow  for  near  and  long  term  business  plans...  delivered  with  excellence.  Speak...
https://kr.indeed.com/viewjob?jk=bc15780e7e681ea7,"Global  Account  Executive,  Technology  (En...",Google  4.3  서울,,global  and  regional  decision-makers  to  build  and  implement  long-  term  digital  transformation  strategies.  Be  responsible...
https://kr.indeed.com/viewjob?jk=2445e1ef103a4366,Legal  Counsel,Microsoft  4.2  서울,,"agreements,  term  sheets,  MOUs),  Serve...  short  term  and  shaping  a  favorable  business  environment...  longer  term..."
https://kr.indeed.com/viewjob?jk=bc59b79c0c50dd36,Technology  Consultant,ServiceNow  서울,,name>  solutions...  technical  architecture  designed  for  long-  term  success  and  following  ServiceNow  technical  standards...
https://kr.indeed.com/viewjob?jk=3a440f6cd737cdb6,June  4th  ESL  Full  &  Part  Time,ESL  AGENT  대한민국,,"Songdo,  Incheon  2.  Teaching  level:  Elementary  (5  position)  3.  Term  of  Employment:  June  14th  ~  Aug.20th  4.  Working  hours:  9:30..."
https://kr.indeed.com/viewjob?jk=c7805b4341c4b877,KR_HP_Compliance  Manager,Boehringer  Ingelheim  4.1  대한민국,,"animals...  family  owned  company,  we  focus  on  long-  term  performance.  We  believe...  we  have  talented  and  ambitious..."
https://kr.indeed.com/viewjob?jk=f8e5f3a41466e453,Sales  Development  Representative,DataDog  서울,,continues  to  innovate...  well  positioned...  long  term.  Equal  Opportunity  at  Datadog:  Datadog  is  an  Affirmative...
https://kr.indeed.com/viewjob?jk=e7f0ed76c036f6c9,Business  Controller-Professional  Div,Shiseido  International  France  서울  강남구,,"Strategic  vision:  Able  to  identify  and  articulate  a  clear  mid-  term  strategy,  monitor  and  support  its  implementation  Strong..."
https://kr.indeed.com/viewjob?jk=4857aad7b2601446,KR_HP_Clinical  Trial  Manager,Boehringer  Ingelheim  4.1  대한민국,,"humans  and  animals...  family  owned  company,  we  focus  on  long  term  performance.  We  are  powered  by  50,000  employees  globally..."
https://kr.indeed.com/viewjob?jk=23ff05d6199fcd7f,Senior  Accountant,AESOP  Corporate  서울,,"develop,  document  and  drive  accounting  and  financial  reporting  long  term  strategy,  processes,  and  knowledge  base;  Formalize..."
https://kr.indeed.com/viewjob?jk=c80c823f4c170fe4,Field  Engineer,Cytiva  대전,,so  you  can  grow  your  career  and  expand  your  skills...  long  term.  Cytiva  is  proud  to  work  alongside  a  community  of  nine...
https://kr.indeed.com/viewjob?jk=d7c930674681f845,AE  Indirect  –  Consumer  Reseller  Online  A...,Apple  서울,,"beyond  the  short-  term.  You  see  the  world...  you’ve  balanced  delivering  on  short-  term  goals,  while  building  balanced  value..."
https://kr.indeed.com/viewjob?jk=3ae73b094ebd696b,Junior  Innovation  Advisor,Mind  the  Bridge  대한민국,,"strong  interpersonal  skills  and  ability  to  create  positive,  long-  term  working  relationships  by  demonstrating  a  commitment..."
https://kr.indeed.com/viewjob?jk=86051b5ff99eb627,Application  Engineer,Emerson  서울,,address  customers’  pain  points  &  needs  in  short  &  mid-  term  and  connecting  them  to  NPD  (New  Product  Development)  funnel...
https://kr.indeed.com/viewjob?jk=24b14b9cd7b8809a,Bilingual  (Chinese  -  English)  Customer  S...,"Strikingly,  Inc  서울  여의도역  •  원격  근무",,"tenure  of  one(1)  year  and  above...  full-time...  long-  term  work  from  home  job.  If  you  are  interested,  kindly  fill..."
https://kr.indeed.com/viewjob?jk=8e0e48f94e40a586,IT  Service  Mgmt  III  -  (B3),Applied  Materials  Inc.  대한민국,,"self-motivated  individual  able  to  build  and  sustain  long-  term  good  relationships  with  internal  customers,  colleagues..."
https://kr.indeed.com/viewjob?jk=f523dc125f54898f,[Medical  Devices]  Warehousing  &  Distribu...,Johnson  &  Johnson  Family  of  Companies  4.2  경기도,,Warehousing  &  Distribution  Specialist  -  근무지:  김포시  -  근무형태:  Fixed  Term  (1  년)  [RESPONSIBILITIES]  입출고  등의  loan  kit  관련  업무  수행  회사의...
https://kr.indeed.com/viewjob?jk=a02b48c71cba4e6f,Commercial&Digital  IT  Analyst,Clarios  서울,,advisory...  groups  on  digital  IT  solutions  and  drive  near  term  IT  investment  planning.  Partner  with  business  to  capture...
https://kr.indeed.com/viewjob?jk=395fc9d665f68042,Branch  Operations  Analyst  (1  Year  Fixed...,Deutsche  Bank  3.8  서울,,Client  communication  for  outbound  listed  derivatives  Resolving  issues  with  client  accounts  for  outbound  LD  Daily  money...
https://kr.indeed.com/viewjob?jk=ac503d0963ab7ca0,EHS  Specialist,Cytiva  서울,,so  you  can  grow  your  career  and  expand  your  skills...  long  term.  Cytiva  is  proud  to  work  alongside  a  community  of  nine...
https://kr.indeed.com/viewjob?jk=3a971b518fef36bf,Application  Scientist,Oxford  Instruments  Plc  서울,,partners  and  market  conditions  consistent...  long-  term  goals...  company.  Carry  out  customer  demonstrations...
https://kr.indeed.com/viewjob?jk=b3622b6e5e6e777e,"Paralegal,  Capital  Markets",Linklaters  LLP  서울,,Employment  status...  position...  1  year  fixed  term  contract  with  potential  to  extend.  We  are  looking  for  someone  who...
https://kr.indeed.com/viewjob?jk=478f4e8f0478021a,Supervisory  Public  Affairs  Specialist,US  Joint  Activities  대한민국,,Land  &  base  management  Certain  current  or  former  term  or  temporary  federal  employees  of  a  land  or  base  management  agency...
https://kr.indeed.com/viewjob?jk=8832ef3d836fbdb8,CAO  -  Global  Business  &  Document  Service...,"JPMorgan  Chase  Bank,  N.A.  서울",,"drives  everything  we  do.  We  strive  to  build  trusted,  long-  term  partnerships  to  help  our  clients  achieve...  business..."
https://kr.indeed.com/viewjob?jk=6e0b269ca9f710d6,Assistant  Project  Manager_Architecture,Burberry  서울,,mindset  is  core  to  our  business  and  key  to  our  long-  term  success.  JOB  PURPOSE  Responsible  for  co-ordinating  and  supporting...
https://kr.indeed.com/viewjob?jk=9046f86eafd667b9,Senior  HR  Supervisor,OWENS  CORNING  대한민국,,"promotions  and  external  recruitment  to  satisfy  near-  term  performance,  longer-  term  succession  needs...  insure  plant  has..."
https://kr.indeed.com/viewjob?jk=41db01cc3877d021,Selling  Partner  Support  Associate,Amazon  Services  Korea  LLC  서울,,Position  Description:  Global  Seller  Support  Associate  (Fixed-  term...  Seller  Support  Associate  acts...  primary...
https://kr.indeed.com/viewjob?jk=00dbce97dc1f2656,Retail  Operation  Controller,H&M  3.7  서울,,"initiate  actions  to  increase  profit,  balancing  long  and  short-  term  planning.  You  being  an  ambassador...  profitability  mind..."
https://kr.indeed.com/viewjob?jk=9406c6bd8ce2195b,"Technical  Specialist,  Professional  Servi...",Google  4.3  서울,,customers  attain...  business  goals  while  building  long-  term  capabilities.  Behind  every  advertising  campaign  at  Google...
https://kr.indeed.com/viewjob?jk=6ffaacd92f901426,Service  Technician,Vestas  대한민국,,"global  culture,  attractive  compensation  package  and  long-  term  career  development.  Choose  us,  choose  a  good  future!  To  meet..."
https://kr.indeed.com/viewjob?jk=88e574d3b30713bd,Auditor,US  Field  Operating  Offices  of  the  Office  of  the  Se...  대한민국,,"business  law...  term  ""accounting...  management  Certain  current  or  former  term  or  temporary  federal  employees  of  a  land..."
https://kr.indeed.com/viewjob?jk=3da2b5d7b0a75002,ENGINEERING  TECHNICIAN  (METROLOGY),US  U.S.  Army  Aviation  and  Missile  Command  대한민국,,Land  &  base  management  Certain  current  or  former  term  or  temporary  federal  employees  of  a  land  or  base  management  agency...
https://kr.indeed.com/viewjob?jk=ca32ca03a301a749,"General  Manager,  South  Korea",Puratos  서울,,short-  and  long-  term  profitable  growth...  systems  to  measure  short  and  long  term  income/profits...  regularly  evaluate...
https://kr.indeed.com/viewjob?jk=32c65254696addf2,[ASAP]  Hiring  Summer  Program  Instructors...,One-Stop  Prep  서울  압구정역,,provided  after  successful  completion  of  contracted  term.  [Housing  Support]  Company  will  provide  housing  stipend...
https://kr.indeed.com/viewjob?jk=1d75f775c7fa7a3b,CIB  F&BM  -  Legal  Entity  Controller  -  Ana...,"JPMorgan  Chase  Bank,  N.A.  서울",,"drives  everything  we  do.  We  strive  to  build  trusted,  long-  term  partnerships  to  help  our  clients  achieve...  business..."
https://kr.indeed.com/viewjob?jk=702d0ac22f5ed0be,INTERN  -  PROGRAMME  MANAGEMENT  [Temporary...,United  Nations  인천,,commission  of  any...  acts.  The  term  “sexual  exploitation”  means  any  actual...  conditions.  The  term  “sexual  harassment...
https://kr.indeed.com/viewjob?jk=8d710489792afed9,"Engineering  Program  Manager  (EPM),  Korea",Apple  서울,,environment.  -  Preference  given  to  candidates  that  open  to  relocation  or  long  term  assignment  to  other  Asian  country.
https://kr.indeed.com/viewjob?jk=7240a21c271d720c,Medical  Support  Assistant,US  U.S.  Army  Medical  Command  대한민국,,Land  &  base  management  Certain  current  or  former  term  or  temporary  federal  employees  of  a  land  or  base  management  agency...
https://kr.indeed.com/viewjob?jk=2e693eeed118784f,Sales  Representative  -  Pipeline,Medtronic  3.9  대한민국,,"Responsible  for  developing,  building,  and  strengthening  long-  term  relationships  with  stakeholders  including  distributors..."
https://kr.indeed.com/viewjob?jk=961e59cc93b3f0d7,KR_HP_HP  Service  Specialist  (Temp.),Boehringer  Ingelheim  4.1  대한민국,,"humans  and  animals...  family  owned  company,  we  focus  on  long  term  performance.  We  are  powered  by  50,000  employees  globally..."
https://kr.indeed.com/viewjob?jk=a09a5d50c35ff6cd,KR_HP_ISEE  Specialist,Boehringer  Ingelheim  4.1  대한민국,,"animals...  family  owned  company,  we  focus  on  long-  term  performance.  We  believe...  we  have  talented  and  ambitious..."
https://kr.indeed.com/viewjob?jk=3b42fae358bb7b7a,[해외취업]  플라스틱  사출&무역물류  전문기업  /  생산관리  부문  인턴사원,사이다링크  서울  논현동,,your  outcome  in  mind.  We  strive  to  create  a  long  term  personalized  relationship  with  all  our  clients  by  demonstrating  premium...
https://kr.indeed.com/viewjob?jk=b7e644c916e664f1,Intern  -  Programme  Management,United  Nations  ESCAP  인천,,commission  of  any...  acts.  The  term  “sexual  exploitation”  means  any  actual...  conditions.  The  term  “sexual  harassment...
https://kr.indeed.com/viewjob?jk=7d72ef2d6f005102,Commercial  Finance  Analyst,GE  Healthcare  서울,,"order  and  sales  Ownership  for  developing  mid  and  long-  term  operating  plans,  growth  strategies;  analyze  business  performance..."
https://kr.indeed.com/viewjob?jk=f0f2b95e7a929a9d,Senior  Analytics  Consultant,Experian  서울,,proactive  client  communication  throughout  the  project  term  Help  in  resource  planning  for  projects  in  pipeline.  Proactively...
https://kr.indeed.com/viewjob?jk=63e74dba77facfc0,NPO  Senior  Engineer,MN  Mobile  Networks  서울,,"We  create  value  with  intellectual  property  and  long-  term  research,  led...  award-winning  Nokia  Bell  Labs.  Adhering..."
https://kr.indeed.com/viewjob?jk=278e2955b61b60d1,"Recruiter,  Seoul,  Korea",Tesla  서울,,All  applications  must  be  submitted  online  and  contain  an  English  CV...  position  is  fixed-  term  direct  contract  position.
https://kr.indeed.com/viewjob?jk=85903e0e649c7567,CIB  -  Credit  Risk  -  Analyst  (Fixed  Term...,"JPMorgan  Chase  Bank,  N.A.  서울",,"drives  everything  we  do.  We  strive  to  build  trusted,  long-  term  partnerships  to  help  our  clients  achieve...  business..."
https://kr.indeed.com/viewjob?jk=e0d6cdd1e6190532,HEALTH  PROMOTION  PROGRAM  COORDINATOR,US  Pacific  Air  Forces  대한민국,,disabilities  Land  &  base  management  Certain  current  or  former  term  or  temporary  federal  employees  of  a  land  or  base...
https://kr.indeed.com/viewjob?jk=b589a5bcdde7544a,Research  Analyst,(주)더클레버스  서울,"연봉  28,000,000원  -  30,000,000원","consultations  -  Liaise  with  experts  in  terms  of  consultation  fees,  term  &  conditions,  compliance,  and  business  operations..."
https://kr.indeed.com/viewjob?jk=10d29f3c8c468be5,INTERN  -  SCIENCE  AND  TECHNOLOGY  [Tempora...,United  Nations  인천,,commission  of  any...  acts.  The  term  “sexual  exploitation”  means  any  actual...  conditions.  The  term  “sexual  harassment...
https://kr.indeed.com/viewjob?jk=34e301a54474e9e4,INTERN  -  ENVIRONMENT  AFFAIRS  [Temporary],United  Nations  인천,,commission  of  any...  acts.  The  term  “sexual  exploitation”  means  any  actual...  conditions.  The  term  “sexual  harassment...
https://kr.indeed.com/viewjob?jk=5e42582ebd5fc9cf,"Specialist,  Product  Stewardship,  EHS,  KR",SABIC  -  Saudi  Basic  Industries  Corp.  서울,,Proactively  inform  the  SBUs...  impact  (short  term/long  term...  regulations  and  standards...  products...
https://kr.indeed.com/viewjob?jk=b57ded1e8a1d830f,"Sales  Admin  &  Customer  Service,  South  Ko...",Oetiker  서울,,"75  years  of  experience,  we...  trusted,  global,  long-  term  partner...  world’s  leading  OEMs.  Job  Description  Sales..."
https://kr.indeed.com/viewjob?jk=e70eb11a4e3d351a,GAM  Samsung/Hyundai,ABB  3.9  서울,,actions  etc.).  Initiating  the  early  notification  of  long-  term  customer  projects  in  SFDC.  Monitor  sales  opportunity  pipeline...
https://kr.indeed.com/viewjob?jk=c905b3e879e7d0f6,민간파트너십팀  Digital  Development  담당  직원,유엔난민기구  서울  을지로동,,position  Digital  Development  Associate  in  line...  long-  term  growth  plan...  private  sector  fundraising  program.  I...
https://kr.indeed.com/viewjob?jk=484c2fb8541a6199,VP  Sales  –  Korea,Efficient  Power  Conversion  서울,,develop  long-  term  relationships...  role  Excellent  balance  of  long  term  and  short-  term  focus  Proficiency  in  Microsoft...
https://kr.indeed.com/viewjob?jk=b2483f2b615e5bbf,"General  Manager,  South  Korea",Moderna  서울,,"from  short-  term  oriented  stakeholders...  following  competencies  are  critical  to  succeed  at  Moderna,  Inc...  long-  term..."
https://kr.indeed.com/viewjob?jk=9672eb1885c59ff7,Management  Analyst  (Forces  Deployment),US  Joint  Activities  대한민국,,Land  &  base  management  Certain  current  or  former  term  or  temporary  federal  employees  of  a  land  or  base  management  agency...
https://kr.indeed.com/viewjob?jk=99268f9e11f3c734,General  Supply  Specialist,US  U.S.  Army  Cyber  Command  대한민국,,Land  &  base  management  Certain  current  or  former  term  or  temporary  federal  employees  of  a  land  or  base  management  agency...
https://kr.indeed.com/viewjob?jk=3d4a501d2494b4f5,Intern  -  Environment  Affairs,United  Nations  ESCAP  인천,,commission  of  any...  acts.  The  term  “sexual  exploitation”  means  any  actual...  conditions.  The  term  “sexual  harassment...
https://kr.indeed.com/viewjob?jk=61c208177a2c14de,Senior  Operations  Manager  -  Korea,StockX  서울,,business  teams...  develop  short-  and  long-  term  growth  strategies.  What  you  will  do  Establish  team  member...
https://kr.indeed.com/viewjob?jk=4bd13143e7147ba2,"June,  July  Positions  at  CHUNGDAHM  Learni...",Chung  Dahm  Learning  4.0  대한민국,,class  on  average)  all  contracts...  minimum  one  year  term  E2  sponsorship  (if  required)  Rent-free  housing  Requirements...
https://kr.indeed.com/viewjob?jk=e5fe078f2775abc8,INTERN  -  INFORMATION  SYSTEMS  &  COMMUNICA...,United  Nations  인천,,commission  of  any...  acts.  The  term  “sexual  exploitation”  means  any  actual...  conditions.  The  term  “sexual  harassment...
https://kr.indeed.com/viewjob?jk=1306e3eb6f7d1ced,"Editorial  &  Publishing  Manager,  Editoria...",Netflix  서울,,"external  agencies,  and  providers.  Advance  the  long-  term  strategy  to  move  our  relevance  and  credibility...  audience..."
https://kr.indeed.com/viewjob?jk=da1a2438c71dca84,"Logistics  /  T&I  Manager,  Korea  Offshore...",Macquarie  Group  Limited  서울,,"principal  investment.  Job  no:  MacCap-956676  Work  type:  Fixed  term  Location:  Seoul  Category:  Mid-level,  Renewable  energy..."
https://kr.indeed.com/viewjob?jk=134f1b525a884a4e,"Specialist,  Relationship  Management  -  As...",BNY  Mellon  서울,,"client,  advising...  best  way  to  achieve  short-  and  long-  term  strategic  objectives.  From  a  global,  bank-wide  perspective..."
https://kr.indeed.com/viewjob?jk=f6fe251f590125b1,"Search  Account  Executive,  Global  Client...",Google  4.3  서울,,Search  strategy.  Build  and  foster  long-  term  executive  relationships  with  global...  carry  out  long-  term  digital  strategies...
https://kr.indeed.com/viewjob?jk=124a1b85b998fcdd,[해외취업]  뉴욕  최대  식품  유통  기업  그래픽  디자이너  구인!,아이씨엔그룹  서울  역삼동,"연봉  34,000,000원  -  45,000,000원",marketing  managers  to  establish  and  renew  short  and  long  term  strategic  design  goals.  •  Communicate  with  management...
https://kr.indeed.com/viewjob?jk=18276cd72c6cbc25,FTC_Operational  Risk,BNP  Paribas  3.9  서울,,verbal  Primary  Location:  KR-11-Seoul  (City)  Job  Type:  Fixed  Term  Job:  COMPLIANCE  AND  PERMANENT  CONTROL  Education  Level...
https://kr.indeed.com/viewjob?jk=a04a04e784b97ad8,CIB  -  Sales  and  Marketing  -  DCM  Sales  -...,"JPMorgan  Chase  Bank,  N.A.  서울",,"drives  everything  we  do.  We  strive  to  build  trusted,  long-  term  partnerships  to  help  our  clients  achieve...  business..."
https://kr.indeed.com/viewjob?jk=ceb983d512f57728,[Vision]  Commercial  Operation  Lead,Johnson  &  Johnson  Family  of  Companies  4.2  서울,,establishment  of  training  priorities  for  both  long  term  and  short-  term  objectives  9.  Monitors  and  reports  on  progress...
https://kr.indeed.com/viewjob?jk=5311bd141929e037,Senior  Online  Marketing  Manager,The  Estée  Lauder  Companies  대한민국,,-  Develop  and  execute  long  &  short-  term  online  marketing  strategies...  brands  in  charge.  -  Take  full  ownership  for  P&L...
https://kr.indeed.com/viewjob?jk=f6fa6e9537a08c4c,Sales  Manager  KEBA  Korea  (m/w/d),KEBA  서울,,Preparation  of  offers  and  sales  contracts  Development  of  long-  term  customer  relationships  Support  in  business  development...
https://kr.indeed.com/viewjob?jk=1b56072383d62276,Consumer  Marketing  Manager  (Contractor),Philips  4.0  서울,,responsibilities]  1.  Manage  business  Develop  long-  term  and  short-  term  business  objective  and  strategy  in  line  with  global...
https://kr.indeed.com/viewjob?jk=cb449f6a68369d9c,"Sales  Director,  Korea",Illumina  서울,,sales  agreements.  Strong  desire  to  win  business  and  establish  long  term  customer  relationships.  Excellent  time  management...
https://kr.indeed.com/viewjob?jk=bfeceb66b1c96ff8,Recruiter,Dell  Technologies  4.0  서울,,support  of  a  business  group.  You  will  implement  short-  and  long-  term  strategies  to  ensure  that  hiring  targets  are  met.  You...
https://kr.indeed.com/viewjob?jk=60de0e9b1fcb4935,Medical  Science  Liaison  (Respiratory),Boehringer  Ingelheim  4.1  대한민국,,"humans  and  animals...  family  owned  company,  we  focus  on  long  term  performance.  We  are  powered  by  50,000  employees  globally..."
https://kr.indeed.com/viewjob?jk=f7dd36ae37db80c8,"Head  of  Sales,  Allergan  Aesthetics",Abbvie  서울,,"competitive  edge  in  mid  to  long-  term.  Provide  annual,  monthly  sales  forecast...  foster  strategic  long-  term  relationships..."
https://kr.indeed.com/viewjob?jk=420ba50463b8b73b,Logistics  Management  specialist,"US  U.S.  Army,  Pacific  대한민국",,Land  &  base  management  Certain  current  or  former  term  or  temporary  federal  employees  of  a  land  or  base  management  agency...
https://kr.indeed.com/viewjob?jk=e657597e5ef06ba6,Intern  -  Graphic  Design,United  Nations  ESCAP  인천,,commission  of  any...  acts.  The  term  “sexual  exploitation”  means  any  actual...  conditions.  The  term  “sexual  harassment...
https://kr.indeed.com/viewjob?jk=36b7bfaee878d6dd,"Manager,  Content  Financial  Planning  &  An...",Netflix  서울,,Responsibilities  Support  near-  term  and  long-  term  P&L  and  Cash  forecasts  across...  plan  for  long-  term  programming  health...
https://kr.indeed.com/viewjob?jk=a7cb88f9ccc0cab9,Regional  Head  of  Wind  Asia,BayWa  r.e.  서울,,"portfolio  of  initiatives  and  programs  that  ensure  BayWa  r.e  long-  term  competitiveness.  Establish  budgets,  business  plans..."
https://kr.indeed.com/viewjob?jk=295ffdd2c1fe2e55,Global  Marketing  Director  -  Electronics,Momentive  서울,,"has  been  leading  the  way  in  providing  long-  term,  reliable  protection  for  sensitive...  short  and  long  term  focus  market  segment..."
https://kr.indeed.com/viewjob?jk=b627caef6809bdef,[Stylenanda]  Retail  Sales  Team  Manager,L'Oreal  4.1  서울,,strategy  ·  Decide  to  prioritizes  according  to  short/mid/long  term  business  plan  ·  Improve  operational  procedures  to  ensure...
https://kr.indeed.com/viewjob?jk=507dd34cb15dd818,Business  Development  Representative,Denodo  Technologies  서울,,Ability  and  capacity  to  qualify  the  account  for  short-  and  medium-  term  opportunities.  Accurately  update  Customer  Relationship...
https://kr.indeed.com/viewjob?jk=7f96ce24a0b1d6f9,IT  SPECIALIST,US  U.S.  Marine  Corps  경상북도  포항,,agency.  Land  &  base  management  Certain  current  or  former  term  or  temporary  federal  employees  of  a  land  or  base  management...
https://kr.indeed.com/viewjob?jk=80c432a3c457f296,"Development  Manager,  Fuel  Cell,  Hydrogen...",Macquarie  Group  Limited  서울,,strategies  and  negotiate  long  term  waste  supply  agreements.  Commercial  review  and  negotiation  of  term  sheets  and  contracts...
https://kr.indeed.com/viewjob?jk=7bee2b7e2b874434,People  &  Culture  Administrator  -  IKEA  Gi...,IKEA  3.9  경기도  고양,,"written  communication.  You  know  how  to  implement  long  term  plans,  according  to  set  budgets  and  goals,  how  to  organise,  store..."
https://kr.indeed.com/viewjob?jk=ae2880349067f566,Laundry  &  Home  Care  Regulatory  Affairs  I...,Henkel  경기도  안산,,"출퇴근  가능자  JOB  ID:  21016261  Contract  &  Job  type:  Full  Time,  Limited  Term  Contact  information  for  application-related  questions..."
https://kr.indeed.com/viewjob?jk=acb77945e493cd9d,Head  of  Office  Printing  R&D,HP  4.0  경기도,,part  of  a  Long-  Term  Temporary  Assignment...  architecture  and  how  they  fulfil  long  term  business  needs  to  a  range  of  audiences...
https://kr.indeed.com/viewjob?jk=8d4a25c8d3de08e8,Brand  Manager,Success  Korea  대한민국  +2  지역,,programs  directed  at  HCP  &  consumer  to  help  deliver  long  term  business  goals  for  assigned  brands.  -  Development  of  Public...
https://kr.indeed.com/viewjob?jk=87ab1d154bd612c3,Digital  Technical  Specialist  -  Data  &  AI,Microsoft  4.2  서울,,where  Microsoft  Data  and  AI  solutions  can  add  long-  term  value.  You  will  have  the  exciting  opportunity...  responsible...
https://kr.indeed.com/viewjob?jk=1bc502fb53e5d744,Sports  Business  Operations  Manager,Nike  4.1  서울,,stories  about  sport  and  nurture  long-  term  relationships  between  the  athletes...  consistent  with  long-  term  sport  marketing...
https://kr.indeed.com/viewjob?jk=2a18b5bf84c6aa36,Technical  Enablement  Manager  -  Seoul,Datadog  서울,,continues  to  innovate...  well  positioned...  long  term.  Equal  Opportunity  at  Datadog:  Datadog  is  an  Affirmative...
https://kr.indeed.com/viewjob?jk=e78517f25e25b10b,"Senior  Manager,  Instock  Planning  (Fresh)",Coupang  2.7  서울,,norms)  Network  DOC  design  for  long  term  space  planning  Inventory  health  policy...  Inventory  planning  long  term  strategy...
https://kr.indeed.com/viewjob?jk=73993960c5037de8,글로벌  EC  주니어급  매니저  채용,Success  Korea  서울  청담동,,business  plans  that  result...  establishment  of  a  long  term  interactive...  consumer  ?Develop  a  plan  and  Lead  global...
https://kr.indeed.com/viewjob?jk=9d1a43ee59671ca6,PASSPORT  AND  VISA  TECHNICIAN,US  Pacific  Air  Forces  경기도  오산,,disabilities  Land  &  base  management  Certain  current  or  former  term  or  temporary  federal  employees  of  a  land  or  base...
https://kr.indeed.com/viewjob?jk=5512c8f747fd2c00,Business  Development  Representative,Avantor  경기도  수원,,sites  Manage  and  build  strong  customer  relationships  for  long  term  partnership  Increase  influence  of  Avantor  single-use  brand...
https://kr.indeed.com/viewjob?jk=227c1ca4cfef2be5,Senior.  Instock  Planning  Specialist(Inno...,Coupang  2.7  서울,,through  mid/long-  term  inventory  planning...  you  need  this  person  to  do?  Mid/Long  Term  Inventory  Planning  OOS(Out  Of  Stock...
https://kr.indeed.com/viewjob?jk=70537a2ce4974f45,Logistics  Mangement  Specialist,"US  U.S.  Army,  Pacific  대한민국",,Land  &  base  management  Certain  current  or  former  term  or  temporary  federal  employees  of  a  land  or  base  management  agency...
https://kr.indeed.com/viewjob?jk=e26c92e8010202b2,"Site  Support  Specialist,  Osan  Air  Base",University  of  Maryland  Global  Campus  경기도  오산,,"general  knowledge  of  UMGC  programs  to  include  catalog,  class/  term  dates,  and  other  basic  information  that  students  may  ask..."
https://kr.indeed.com/viewjob?jk=8b446bc19efda32c,Head  Of  Market  Access,IPSEN  서울,,"all  market  access  and  pricing  activities  in  a  mid-  term  and  long-  term  vision  by  motivating,  controlling  and  developing  market..."
https://kr.indeed.com/viewjob?jk=5ad2ea0313301e31,New  Business  Developer,Glass  Substrates  for  TFT-LCDs  대한민국,,development  of  technology  and  capabilities  to  support  the  long  term  needs...  business  -Collaborate...  business  unit...
https://kr.indeed.com/viewjob?jk=3b86f47a83a71e6c,Field  Application  Scientist  -  Tissue  Spe...,10x  Genomics  서울,,"scientific  discussions  with  customers,  cultivating  long  term  relationships  •  Create  and  maintain  positive  working..."
https://kr.indeed.com/viewjob?jk=c1b5d2a3187799ab,Services  Executive,ServiceNow  서울,,educate  and  engage  others  on  longer  term  sources  for  organic  growth.  Demonstrates...  promoting  long-  term  solutions.  Ensures...
https://kr.indeed.com/viewjob?jk=5266b4675c117150,FSE  Supervisor,Vectrus  대한민국,,accounting  of  all  fuel.  Reviews  and  evaluates  short-  and  long-  term  mission  requirements  in  terms...  fuel  operations...
https://kr.indeed.com/viewjob?jk=607d391c7b46ebd1,Key  Account  Manager,Cytiva  서울,,so  you  can  grow  your  career  and  expand  your  skills...  long  term.  Cytiva  is  proud  to  work  alongside  a  community  of  nine...
https://kr.indeed.com/viewjob?jk=27d7e0e6e1cd10f0,Application  Engineer  -  HAV,Mentor  Graphics  (Korea)  LLC  4.0  경기도  성남,,build  and  improve  customer  relationships  to  ensure  long  term  customer  satisfaction  and  become  the  go-to  expert  for  all...
https://kr.indeed.com/viewjob?jk=310e1eb445a9c577,Domestic  Appliances  -  Consumer  Marketing...,Philips  4.0  서울,,"1.  Business  Management  Develop  &  execute  short-  term  to  mid  term  business  objectives,  goals  and  strategies  in  line..."
https://kr.indeed.com/viewjob?jk=a478d8ea258fde0c,Kakao  Specialist,Asiance  서울,,품권  지급  Working  from  home  Leaving  work  at  4  o'clock  on  Long-  term  employee  Chuseok  &  every  Wednesday  (Flexible)  the  last  Friday...
https://kr.indeed.com/viewjob?jk=86dec08aadff1233,Team  Leader  Recruitment,텐센트  코리아  서울  강남구,,overall  insights...  Korean  market  Carry  out  long-  term  strategic  tasks  Qualifications:  Total  5~8  years  of  working...
https://kr.indeed.com/viewjob?jk=4a3c1478b9a8141a,[존슨앤드존슨]  Associate  ER/LR  Manager,Johnson  &  Johnson  Family  of  Companies  4.2  서울,,"Associate  ER/LR  Manager  2.  근무지:  서울시  용산구  3.  근무  형태:  Fixed  Term  [Summary]  Associate  ER/LR  Manager,  Korea...  involved..."
https://kr.indeed.com/viewjob?jk=08fec0d000a0b2f0,Marketing  Manager  for  Male  Grooming  &  Be...,Philips  4.0  서울,,"1.  Business  Management  Develop  &  execute  long-  term/  short-  term  business  objectives,  goals  and  strategies  in  line  with  global..."
https://kr.indeed.com/viewjob?jk=1d2472440df33e7b,Tech  Business  Development  Associate,펍지  서울  서초구,,"선정  프로세스  지원  파트너쉽  관련  협의/계약  협상  지원  -  당사의  협상력을  높이고  파트너사와  건강한  long-  term  relationship을  구축할  수  있도록,  BD  Manager를  지원하여  계약  체결  프로세스  지원  [지원..."
https://kr.indeed.com/viewjob?jk=b21b83f53f63103f,"Account  Manager  (Busan,  Kyungsang)",BD  서울,,"financial  goals...  business.  Develop  short-  term  and  long-  term  sales  strategy,  execute  sales  plans  through  to  launch..."
https://kr.indeed.com/viewjob?jk=414333d5da300b4b,"Senior  Manager,  Sales",Thermo  Fisher  Scientific  3.5  서울,,execution...  TDX  APAC  sales  strategy  to  achieve  long  term  growth  and  annual  sales  targets...  role  will  lead  the  TDX...
https://kr.indeed.com/viewjob?jk=821be3254460ec36,Credit  Risk  -  Vice  President  -  Korea,"JPMorgan  Chase  Bank,  N.A.  서울",,"drives  everything  we  do.  We  strive  to  build  trusted,  long-  term  partnerships  to  help  our  clients  achieve...  business..."
https://kr.indeed.com/viewjob?jk=0cdc5a91b04d5220,EHS  Technician  (안전환경보건  담당  -  평택)  계약직,Merck  KGaA  Darmstadt  Germany  경기도  안산,,"cause  analysis,  and  action  management  for  serious  short-  term  accidents  and  personal  accidents.  Records  safety  activities..."
https://kr.indeed.com/viewjob?jk=961d5f0d11949c86,Client  Business  Manager,GLOBALFOUNDRIES  서울,,order  fulfillment  from  PO  to  supply  tracking  to  DSO  vs  payment  term  PX  and  PS  management  and  associated  internal/external...
https://kr.indeed.com/viewjob?jk=4b630be6e74203a3,Safety  and  Occupational  Health  Specialis...,US  Army  Installation  Management  Command  4.3  대한민국,,Land  &  base  management  Certain  current  or  former  term  or  temporary  federal  employees  of  a  land  or  base  management  agency...
https://kr.indeed.com/viewjob?jk=f4575fd8d13aec0f,Store  Manager,Versace  대한민국,,maintain  a  long  term  relationship...  skills  and  ability  to  maintain  long-  term  with  clients  and  community  and  understands...
https://kr.indeed.com/viewjob?jk=7b3e29b9b21c7671,Intern  -  Information  Systems  and  Communi...,United  Nations  ESCAP  인천,,commission  of  any...  acts.  The  term  “sexual  exploitation”  means  any  actual...  conditions.  The  term  “sexual  harassment...
https://kr.indeed.com/viewjob?jk=250e63f45d494fcf,Freight  Forwarding  Sales  Manager,DB  Schenker  서울,,strategic  activities  in  terms  of  sales  and  focusing  on  long/mid/short  term  direction  for  local  account  developments  within...
https://kr.indeed.com/viewjob?jk=100222daa758b50b,[Janssen]  Commercial  Quality  Specialist,Johnson  &  Johnson  Family  of  Companies  4.2  서울,,Quality  Specialist  -  근무지:  서울시  용산구  -  근무형태:  계약직  (Fixed-  term)  -  Responsible...  quality...  meeting  the  applicable...
https://kr.indeed.com/viewjob?jk=13930c7d3145e817,"3  Months  Bank  Contractor,  Global  Investm...",Bank  of  America  3.8  서울,,"Our  BusinessGlobal  Investment  Banking  focuses  on  building  long-  term  relationships  with  more  than  3,000  large  corporations..."
https://kr.indeed.com/viewjob?jk=4881565e1890ed35,"Logistics  Analyst  (물류운영담당자,  계약직)",3M  4.0  경기도  평택,,센터  사무실  근무  가능자  (경기도  평택시  서탄면  서탄로  363)  Condition  Type:  Fixed  Term  worker  (  계약직)  Contract  Period:  2-years  Location:  한국쓰리엠  평택...
https://kr.indeed.com/viewjob?jk=601fb450bc4ebeb4,Trade  Marketing  Representative,British  American  Tobacco  4.4  서울  +1  지역,,empt  corrective  /  counter  actions.  Drive  and  manage  a  long  term  relationship...  retailers  on  basis...  disposition...
https://kr.indeed.com/viewjob?jk=a77f6d38fa594b76,IT  Infrastructure  -  Server  and  DB  Manage...,Mercedes-Benz  Financial  Services  Korea  Ltd.  4.0  서울,,appropriately  to  an  internal  customers...  build  long-  term  relationships  with  suppliers/vendors  -  Business  and  process...
https://kr.indeed.com/viewjob?jk=ba4474b6e9dc0063,Campaign  Operations  Manager,Netflix  서울,,pre-empt  and  solve  for  long-  term  solutions  whilst  being  able  to  pivot...  flexible  on  short-  term  needs.  Lead  and  manage...
https://kr.indeed.com/viewjob?jk=ea74d1b59e59f3f5,Senior  Sales  Manager,Sportfive  서울,,Sales  &  Business  Development  (L+)  Type  of  contract  Fixed-  term  contract  Durée  du  contrat/stage  (en  mois)  1  Year  Contract...
https://kr.indeed.com/viewjob?jk=1494cebcd22fca65,Business  Analyst  (Retail  FP&A),Coupang  2.7  서울,,"business  from  finance  perspectives,  including  annual/long-  term  planning  to  weekly/monthly/quarterly  reviews,  bringing  total..."
https://kr.indeed.com/viewjob?jk=b69e174071f6b41c,Korea  Controller,Cytiva  서울,,so  you  can  grow  your  career  and  expand  your  skills...  long  term.  Cytiva  is  proud  to  work  alongside  a  community  of  nine...
https://kr.indeed.com/viewjob?jk=de174b96e0a1e45c,Facilities  Specialist/Assistant  Faciliti...,BNY  Mellon  서울,,client-focused  approac  Able  to  join  on  a  2  year  Fixed  Term  Contract  BNY  Mellon  is  an  Equal  Employment  Opportunity  Employer...
https://kr.indeed.com/viewjob?jk=19ec0e2fc12486ff,TPE  Specialist,Korean  Chemical  Company  대한민국,,time  position.  Only  consultation...  asked.  The  contract  term...  1  year.  Candidates...  only  asked  to  stay...
https://kr.indeed.com/viewjob?jk=dbbb6f2043df5dfb,[해외취업]  플라스틱  사출&무역물류  전문기업  /  인사관리  부문  인턴사원,사이다링크  서울  논현동,,your  outcome  in  mind.  We  strive  to  create  a  long  term  personalized  relationship  with  all  our  clients  by  demonstrating  premium...
https://kr.indeed.com/viewjob?jk=6dd35bc847dedec8,[L'Oreal  Korea]  Sr.  Demand  Planner,L'Oreal  4.1  서울,,"stocks  equation.  And  exchange...  MSL  about  the  long-  term  issues  (capacity,  gap  between  capacity  and  demand)  Determine..."
https://kr.indeed.com/viewjob?jk=4fb2b7261f210301,INTERN  -  GRAPHIC  DESIGN  [Temporary],United  Nations  인천,,commission  of  any...  acts.  The  term  “sexual  exploitation”  means  any  actual...  conditions.  The  term  “sexual  harassment...
https://kr.indeed.com/viewjob?jk=fb46b7e1237194b3,Key  Commodity  Manager(Raw  materials),John  Zink  Hamworthy  Combustion  서울,,continuity  plans  covering  supplier's  short-  or  long-  term  service  disruption  in  co-ordination  with  Supplier  Relationship...
https://kr.indeed.com/viewjob?jk=d064e9374a525ea0,Accounts  Payable  Accountant,Success  Korea  서울  광화문역,,"amounts  -  change  input  for  vendor  name/bank  info/payment  term,  etc.  for  import  agency  Support  VAT  recon  and  filing  process  (8..."
https://kr.indeed.com/viewjob?jk=d28bcabb8d0a46a1,KR_AH_Local  Sales  Manager  (Temp.),Boehringer  Ingelheim  4.1  대한민국,,"humans  and  animals...  family  owned  company,  we  focus  on  long  term  performance.  We  are  powered  by  50,000  employees  globally..."
https://kr.indeed.com/viewjob?jk=d9df8225788b681c,US  based  Software  Engineer  (Contractor)...,Common  Computer  Inc.  서울  •  원격  근무,"주급  1,115,755원",Employed...  short  term  remote  project...  providing...  services  in  a  short  term  remote  project.  *Tasks...  Design...
https://kr.indeed.com/viewjob?jk=f9414c7756e455ed,Customer  Relations  Team  Leader  -  IKEA  Do...,IKEA  3.9  부산,,"satisfaction  thereby  driving  sales  growth  and  sustained  long-  term  profitability.  •  You  actively  seek,  and  act  on,  customer..."
https://kr.indeed.com/viewjob?jk=5b53280ec195fde3,"Account  Strategist,  Mid-Market  Sales  (Ko...",Google  4.3  서울,,"critical  growth  engine  for  customers  in  GCS.  Through  long-  term  relationship  development,  we  are  dedicated  to  understanding..."
https://kr.indeed.com/viewjob?jk=36b518474d4c9f4e,"Sales,  Advanced",Keysight  Technologies  서울,,maintaining...  satisfaction.  Maintains  positive  ongoing  long-  term  relationships  with  key  customers.  Proactively  acts...
https://kr.indeed.com/viewjob?jk=034784abd9e03924,Import/Export  Specialist  (수출입통관/18  month...,Richemont  서울,,"수출입통관/18  months  contract)  Richemont  Seoul,  11,  KR  Fixed  Term  Richemont  owns  some...  world’s  leading  luxury  goods..."
https://kr.indeed.com/viewjob?jk=773793d0f6a1d551,CIB  Project  execution  /WP  Tech  Korea  Bra...,"JPMorgan  Chase  Bank,  N.A.  서울",,"drives  everything  we  do.  We  strive  to  build  trusted,  long-  term  partnerships  to  help  our  clients  achieve...  business..."
https://kr.indeed.com/viewjob?jk=930962a587e43eca,[Janssen]  HealthCare  Compliance  Speciali...,Johnson  &  Johnson  Family  of  Companies  4.2  서울,,Compliance  Specialist  -  근무지:  서울시  용산구  -  근무형태:  계약직  (Fixed  Term)  [Summary]  Implements  the  Health  Care  Compliance  (HCC...
https://kr.indeed.com/viewjob?jk=36cd9efd3f726eaf,"Industry  Manager,  Tech  and  Telecom  (Engl...",Google  4.3  서울,,"audiences.  Responsibilities  Build  sustainable  long-  term  relationships  with  clients,  media  and  creative  agencies.  Formulate..."
https://kr.indeed.com/viewjob?jk=120b64073d78a4c2,Cross  Border  Ecommerce  -  Project  Managem...,Shopee  서울,,projects  Lead  some  issue  management  and  develop  short  term  and  long  term  solution  Efficiently  organize  and  convene  meetings...
https://kr.indeed.com/viewjob?jk=3cac25900a93cd09,Membership  Marketing  Director  -  Korea,Nike  4.1  서울,,"Brand  Creative,  Brand  Management,  and  Product—  to  create  a  long-  term  roadmap  of  projects  to  optimize  and  enhance  the  overall..."
https://kr.indeed.com/viewjob?jk=ee30d8e0761121bb,[ASAP/FT&PT]  Hiring  Junior  Literature  &...,One-Stop  Prep  서울  압구정역,,provided  after  successful  completion  of  contracted  term.  [Housing  Support]  Company  will  provide  housing  stipend...
https://kr.indeed.com/viewjob?jk=090f53bc105c416d,"Senior  Advisor,  Dell  CSG-SnP  Strategy",Dell  Technologies  4.0  서울,,global  business  to  help  achieve  our  long-  term  growth  objectives...  also  keep  us...  address  long-  term  business  objectives...
https://kr.indeed.com/viewjob?jk=bac1ce33c06c65a5,Seoul  Academy  seeking  Teachers  (Daechi/S...,Saint  Paul  Preparatory  Seoul  서울  대치동,,etc.)  Teacher  Lounge  Annual  health  checkup  service  Long-  term  employment  bonus  6.  Application  Information  Directly  email...
https://kr.indeed.com/viewjob?jk=0eae926bd5b2b24e,Sales  Support  Specialist  (Contract:  6mon...,Synopsys  경기도  성남,,"disability.  Job  Category  Sales  Country  Korea,  Republic  of  Job  Subcategory  Sales  Operations  Hire  Type  Defined  Term  Emp."
https://kr.indeed.com/viewjob?jk=263617585a0df9de,"Manager,  Global  Key  Account,  Wholesale",Adidas  4.0  서울,,products  for  JD/Footlocker/Shoemarker  with  short/mid/long  term  strategic  plan  to  achieve  “Win...  Winners”  To  support...
https://kr.indeed.com/viewjob?jk=a5e4337bd2128bba,Help  Desk  Technician,Vision  IT  대한민국  +1  지역,,"We  work  side-by-side  with  our  clients  as  a  trusted,  long-  term  partner  offering  innovative  consultation  and  leadership..."
https://kr.indeed.com/viewjob?jk=fee606d8140aefe3,"Recruiting  Researcher,  Korea",Netflix  서울,,"maintain  relationships  with  key  talent  pools,  for  short-  term  and  long-  term  needs  As  part  of  a  tightly  integrated,  global..."
https://kr.indeed.com/viewjob?jk=af7480f46d777944,Catalyst  Marketing  Manager,Nike  4.1  서울,,Pacific  &  Latin  America)  /  Global  in  order  to  help  longer-  term  &  seasonal  concepts  *  Partner...  Catalyst  Relationships...
https://kr.indeed.com/viewjob?jk=43fbc4f291c6788c,People  Business  Partner  -  Korea  &  Japan,ResMed  서울,,"Development  of  a  workforce  plan  with  both  a  long  and  short  term  focus...  inform  talent  development,  succession  planning..."
https://kr.indeed.com/viewjob?jk=688446cee5454f87,Senior  Application  Engineer,Danfoss  서울,,product’s  reliability  in  customer’s  system.  Build  long  term  relationship  with  customer’s  R&D  team.  Support  R&D/Marketing...
https://kr.indeed.com/viewjob?jk=3bb3b5648ace284c,Project  Manager  (Busan),인터커넥션  부산,,"appropriately  utilized,  and  short  and  long  term  schedules  and  goals  are  achieved.  Experience  with  communications..."
https://kr.indeed.com/viewjob?jk=ce1c075c3b8b1a27,Interdisciplinary  Planner/Engineer/Archi...,US  U.S.  Marine  Corps  경상북도  포항,,Land  &  base  management  Certain  current  or  former  term  or  temporary  federal  employees  of  a  land  or  base  management  agency...
https://kr.indeed.com/viewjob?jk=c7cc8468d300361c,"Senior  Manager,  Client  Engagement",Burberry  서울,,mindset  is  core  to  our  business  and  key  to  our  long-  term  success.  JOB  PURPOSE  Senior  Client  Engagement  Manager  drives...
https://kr.indeed.com/viewjob?jk=569e61a0b24145bd,Associate  |  External  Relationship  Manage...,BlackRock  서울,,ability  to  think  strategically  to  drive  new  business  in  a  long  term.  You  should  have  a  University  degree  in  any  discipline...
https://kr.indeed.com/viewjob?jk=a1460aa1f82b7e83,SEM  Specialist,Asiance  서울,,품권  지급  Working  from  home  Leaving  work  at  4  o'clock  on  Long-  term  employee  Chuseok  &  every  Wednesday  (Flexible)  the  last  Friday...
https://kr.indeed.com/viewjob?jk=767a5a931e7844ab,Market  Specialist,"Agilent  Technologies,  Inc.  서울",,maintaining...  satisfaction.  Maintains  positive  ongoing  long-  term  relationships  with  key  customers.  *  Proactively  acts...
https://kr.indeed.com/viewjob?jk=3ecd73389679b4ad,Safety  Field  Service  Engineer,"Draeger  Korea  Co.,Ltd.  경기도",,"publicly  traded,  worldwide  group.  The  company’s  long-  term  success  is  based...  four  key  strengths  of  its  value-driven..."
https://kr.indeed.com/viewjob?jk=62dd5981500de3f4,International  Relations  Specialist,US  Joint  Activities  대한민국,,Land  &  base  management  Certain  current  or  former  term  or  temporary  federal  employees  of  a  land  or  base  management  agency...
https://kr.indeed.com/viewjob?jk=bf6a63af590f02f4,Sales  Associate,Versace  대한민국,,"maintain  a  long  term  relationship...  skills  and  ability  to  maintain  long-  term  with  clients  and  community,  understand..."
https://kr.indeed.com/viewjob?jk=2a6cc3ce0610bc4d,Customer  Service  Manager,Burberry  서울,,mindset  is  core  to  our  business  and  key  to  our  long-  term  success.  JOB  PURPOSE  To  Coach  and  Develop  a  team  of  Customer...
https://kr.indeed.com/viewjob?jk=0c3bad0258aa4e78,Adhesive  Technical  Customer  Service  Inte...,Henkel  서울,,"preferred  JOB  ID:  21016666  Contract  &  Job  type:  Full  Time,  Limited  Term  Contact  information  for  application-related  questions..."
https://kr.indeed.com/viewjob?jk=d9c6fb4d0e038777,Sales  Trainer  -  S.  Korea/Japan,Ergomotion  서울  •  원격  근무,"연봉  33,000,000원  -  41,000,000원","Ergomotion  business  goals  and  objectives...  long-  term,  contract  position.  Candidate  may  be  located  in  either  South..."
https://kr.indeed.com/viewjob?jk=345fd18328bcb042,Demand  Planning  Trainee,JTI  -  Japan  Tobacco  International  서울,,internal  volume  targets.  Support  the  wider  business  with  long  term  planning  requirements.  지원  자격  Four-year  college  degree...
https://kr.indeed.com/viewjob?jk=93f14e0f7581d11c,Hospital  Consumables  and  accessories  Sales,"Draeger  Korea  Co.,Ltd.  경기도",,Implementation  both  short-  term  and  long-  term  market  development  strategies...  company’s  long-  term  success  is  based...
https://kr.indeed.com/viewjob?jk=90ad0042a346c589,Adhesive  Sales  Coordination  Intern,Henkel  서울,,"preferred  JOB  ID:  21016614  Contract  &  Job  type:  Full  Time,  Limited  Term  Contact  information  for  application-related  questions..."
https://kr.indeed.com/viewjob?jk=fa65a89557da1ac5,Interdisciplinary,US  Joint  Activities  대한민국,,Land  &  base  management  Certain  current  or  former  term  or  temporary  federal  employees  of  a  land  or  base  management  agency...
https://kr.indeed.com/viewjob?jk=b415e3383e9ed66c,Medical  Intensive  Care  /  Neonatal  Care  Sales,"Draeger  Korea  Co.,Ltd.  경기도",,sales  plan  and  mid  term  growth  -  KAs...  Develop  and  execute  IC/NC  short  and  mid-  term  strategic  planning  -  Closely  cowork...
https://kr.indeed.com/viewjob?jk=1e50850cb5976173,CYS  Program  Associate  Instructor  NF-03,US  Army  Installation  Management  Command  4.3  대한민국,,"Tracks  participant's  accomplishments,  long  and  short  term  goals,  effort,  and  evaluations  as  appropriate  for  age  and  type..."
https://kr.indeed.com/viewjob?jk=137e4b36cd4b39d0,Translator  Intern,RWS  서울,,associated...  use...  resume...  considered  null  and  void.  Category  Translation  Job  Type  Fixed  Term  Contract
https://kr.indeed.com/viewjob?jk=4f958eb4bfd638f4,"Intern,  Content  Acquisition  &  Partnershi...",Rakuten  Viki  Singapore  서울,,content  and  developing  partnership  opportunities...  contract  term  is  a  minimum  of  6  months...  position  will  begin...
https://kr.indeed.com/viewjob?jk=a2327b7725b2a682,Account  Manager  -  S.  Korea/Japan,Ergomotion  서울,"연봉  40,000,000원  -  50,000,000원","lifestyle  base  market  in  South  Korea  and  Japan...  long  term,  contract  position.  Candidate  may  be  located  in  either..."
https://kr.indeed.com/viewjob?jk=c186b486912bd234,Sales  Associate  (현대  목동),Burberry  서울,,mindset  is  core  to  our  business  and  key  to  our  long-  term  success.  JOB  PURPOSE  To  meet  and  strive  to  exceed  individual...
https://kr.indeed.com/viewjob?jk=55e123f26aaffdde,Interdisciplinary,US  U.S.  Army  Corps  of  Engineers  대한민국,,Land  &  base  management  Certain  current  or  former  term  or  temporary  federal  employees  of  a  land  or  base  management  agency...
https://kr.indeed.com/viewjob?jk=9f137876d9675cd9,Logistics  Management  Specialist,US  U.S.  Army  Sustainment  Command  대한민국,,Land  &  base  management  Certain  current  or  former  term  or  temporary  federal  employees  of  a  land  or  base  management  agency...
https://kr.indeed.com/viewjob?jk=bd518a3019e9f8c8,Intern  (August  2021,Macquarie  Group  Limited  서울,,"principal  investment.  Job  no:  MAM-957512  Work  type:  Fixed  term  Location:  Seoul  Category:  Junior,  Asset  Management,  Graduate..."
https://kr.indeed.com/viewjob?jk=3ee3a206a56a5c9c,Customer  Desk,Garrett  Advancing  Motion  경기도,,Produce  demand  Forecast  (short  term  and  long  term)  for  OE/OES/CKD  customer  in  Ansan...  contact  for  short  term  demand  arbitration...
https://kr.indeed.com/viewjob?jk=5e82d311b670c9bb,Intern,Macquarie  Group  Limited  서울,,"principal  investment.  Job  no:  FMG-957900  Work  type:  Fixed  term  Location:  Seoul  Category:  Junior,  Accounting  &  Finance..."
https://kr.indeed.com/viewjob?jk=27a0bf9c8284d196,포지션  :  자동차부품사(HKMC  1차  협력사)  경영기획/전략기획,커리어셀파  경기도,,"국내외  법인관리-  손익분석-  사업계획  수립-  경영실적  보고[자격요건]-  월별  손익분석  및  Short-  Term,  Long-  Term  사업계획수립  가능자-  M&A  경험자-  재무회계에  대한  지식보유자-커리어셀파  이창성  수석  010..."
https://kr.indeed.com/viewjob?jk=2657f53ce782662c,CIB  -  Investment  Banking  Origination  Ass...,"JPMorgan  Chase  Bank,  N.A.  서울",,"drives  everything  we  do.  We  strive  to  build  trusted,  long-  term  partnerships  to  help  our  clients  achieve...  business..."
https://kr.indeed.com/viewjob?jk=fc14052cad925a69,CIB  -  Equity  Research  Analyst,"JPMorgan  Chase  Bank,  N.A.  서울",,"drives  everything  we  do.  We  strive  to  build  trusted,  long-  term  partnerships  to  help  our  clients  achieve...  business..."
https://kr.indeed.com/viewjob?jk=feb1b1346ea01166,Teller,US  Defense  Commissary  Agency  대한민국,,Land  &  base  management  Certain  current  or  former  term  or  temporary  federal  employees  of  a  land  or  base  management  agency...
https://kr.indeed.com/viewjob?jk=2456cfd18867f542,외교부  장관  Financial  Times紙  인터뷰,외교부  서울  종로구,,kind  of  mid-  and  long-  term  approach...  dilemma  we  are  facing...  pursue  the  mid-  and  long-  term  policies  you  need...
https://kr.indeed.com/viewjob?jk=1e136f15b9b0369e,Off-cycle  Intern,Macquarie  Group  Limited  서울,,"Australia.  Job  no:  MacCap-956295  Work  type:  Fixed  term  Location:  Seoul  Category:  Junior,  Graduate  &  Intern,  Corporate..."
https://kr.indeed.com/viewjob?jk=6a43940180394e10,"Analyst,  Multinational  Coverage,  Corpora...",BNP  Paribas  3.9  서울,,"entrepreneurship,  encompasses  a  long-  term  perspective.  Required  Language  Skills...  we  want...  long-  term  partner  for  our..."
https://kr.indeed.com/viewjob?jk=79e52f1916e71bcf,"Partnerships  Officer,  WFP  Global  Liaison...",World  Food  Programme  서울,,Korean  nationals  only.  You...  appointed  on  a  National  fixed-  term  (1  year  renewable)  contract.  Remuneration...  line...
https://kr.indeed.com/viewjob?jk=d9c6fb4d0e038777,Sales  Trainer  -  S.  Korea/Japan,Ergomotion  서울  •  원격  근무,"연봉  33,000,000원  -  41,000,000원","Ergomotion  business  goals  and  objectives...  long-  term,  contract  position.  Candidate  may  be  located  in  either  South..."
https://kr.indeed.com/viewjob?jk=b0bd2b048636c331,[2021  Summer  Program]  Hiring  Instructors...,One-Stop  Prep  서울  압구정역,,provided  after  successful  completion  of  contracted  term.  [Housing  Support]  Company  will  provide  housing  stipend...
https://kr.indeed.com/viewjob?jk=e01c0f8a7d5ed1e5,2021  Job  openings  at  Samsung  Biologics,삼성바이오로직스  3.5  서울  서초동,,"Job  Location  :  Songdo,Incheon  City,  South  Korea  Openings  Term  :  Openuntil  filled  Employment  Type  :  Full-time  Minimum..."
https://kr.indeed.com/viewjob?jk=dfba483e59693f1e,"컨텐츠제작,  번역  외  신입/경력  정규직",킹스라이프스타일  성남  수정구,,LOOKING  FOR  LONG  TERM  PEOPLE  (1-2  YEARS...  media  content  design-Can  commit  to  long  term  (2+  years)*Marketing  Strategist...
https://kr.indeed.com/viewjob?jk=506c3ca7e9e08182,MITG  Sales  Rep  I  (1  yr  Contract),메드트로닉코리아  서울  강남구,,"building,  and  strengthening  long-  term  relationships  with  stakeholders  including...  Temporary  Work  /  Fixed  Term  Job  Level..."
https://kr.indeed.com/viewjob?jk=421c8a0f726cb46d,Presales  Specialist-Advanced  Analytics  &...,SAP  4.3  서울,,industry-relevant  ML/AI  frameworks  and  creating  a  long  term  roadmap...  customer  Understand  the  requirements  by  working...
https://kr.indeed.com/viewjob?jk=edfeb0352251440c,"Payments  Compliance  Manager,  (Korean,  En...",Google  4.3  서울,,"risks...  name  Google  came  from  ""googol,""  a  mathematical  term...  number  1  followed  by  100  zeros.  And  nobody  at  Google..."
https://kr.indeed.com/viewjob?jk=ce37da3523abb35c,CIB  -  Equity  Research  -  Research  Analyst...,"JPMorgan  Chase  Bank,  N.A.  서울",,"drives  everything  we  do.  We  strive  to  build  trusted,  long-  term  partnerships  to  help  our  clients  achieve...  business..."
https://kr.indeed.com/viewjob?jk=020d5cd536822419,Office  Automation  Assistant,US  Department  of  Defense  Education  Activity  대한민국,,agency.  Land  &  base  management  Certain  current  or  former  term  or  temporary  federal  employees  of  a  land  or  base  management...
https://kr.indeed.com/viewjob?jk=775b474e3b5f6e97,Assistant  Engineer,Arup  서울,,"Profit  Share  scheme,  additional  fringe  benefits  and  long-  term  career  development  opportunities.  Personal  data  collected..."
https://kr.indeed.com/viewjob?jk=61cfff0bf6a89638,Associate  Field  Interpreter,United  Nations  서울,,commission  of  any...  acts.  The  term  “sexual  exploitation”  means  any  actual...  conditions.  The  term  “sexual  harassment...
https://kr.indeed.com/viewjob?jk=a424e7f2bb8fb6e8,Course  Consultant,British  Council  4.2  서울,,"longer  term,  creating  benefit...  publications.  Contract:  1-year  fixed  term  (renewable  thereafter)  |  Location:  Seoul..."
https://kr.indeed.com/viewjob?jk=ac5a8c4def202273,Trainee  -  Corp.  Coverage  Clients,Société  Générale  3.9  서울,,"focused  on  strategic  dialogue  with  clients.  Building  on  long-  term  relationships  based  on  trust,  the  coverage  bankers  promotes..."
https://kr.indeed.com/viewjob?jk=9eec6f33981cdbb3,Retail  Manager,Louis  Vuitton  서울,,local  market  and  business  world  Nurture  positive  long-  term  business  relations  Propose  and  participate  in  public  relations...
https://kr.indeed.com/viewjob?jk=eb7c2ad108586b4d,Plant  Controller,OWENS  CORNING  충청남도,,"Customer  Focus  Work  Standards  /  Quality  Contributing  to  Team  Success  MS  office,  English,  Finance  and  Accounting  term"
https://kr.indeed.com/viewjob?jk=16c683e7e4857bce,Exercise  Planning  Specialist,"US  U.S.  Army,  Pacific  대한민국",,Land  &  base  management  Certain  current  or  former  term  or  temporary  federal  employees  of  a  land  or  base  management  agency...
https://kr.indeed.com/viewjob?jk=6084fcb01870cd36,Digital  Marketing  &  Campaign  Management...,Mercedes-Benz  Korea  Limited  4.0  서울,,activities.  -  Manage  CRM  system  to  increase  customer’s  long-  term  value...  develop  and  maintain  customer’s  satisfaction...
https://kr.indeed.com/viewjob?jk=2632818bd68f9ef8,Quality  Intern,BD  서울,,6  months  fixed-  term  contract  Job  Description  Coordinate  &  support  field  action  for  documentation  Support  field  action...
https://kr.indeed.com/viewjob?jk=199ffe9b97c8ff79,1Year  Fixed  term  contract_Junior  Finacia...,BNP  Paribas  3.9  서울,,Responsible  for  performing  of  Accounting  controls  and  Reconciliation...  handling  of  daily  General  Ledger  adjustment...
https://kr.indeed.com/viewjob?jk=89de3a1b07062fc9,"Commercial  Director,  Korea",Glanbia  서울,,"Channel  strategy  development,  and  company/  brand  short-  term  &  long-  term  strategy  development  for  sufficient  growth  building..."
https://kr.indeed.com/viewjob?jk=33639dc9ec391b47,CIB  -  Global  Investment  Banking  -  Associ...,"JPMorgan  Chase  Bank,  N.A.  서울",,"drives  everything  we  do.  We  strive  to  build  trusted,  long-  term  partnerships  to  help  our  clients  achieve...  business..."
https://kr.indeed.com/viewjob?jk=2e671254b743298b,INTERN  -  LEGAL  AFFAIRS  [Temporary],United  Nations  인천,,commission  of  any...  acts.  The  term  “sexual  exploitation”  means  any  actual...  conditions.  The  term  “sexual  harassment...
https://kr.indeed.com/viewjob?jk=b350146f789be998,Customer  Service  Rep,Sensata  Technologies  경기도,,analyze  short-  term  forecast  and  order...  account  feedback...  relates  to  short  term  line  loading.  -  Bachelor’s  degree...
https://kr.indeed.com/viewjob?jk=655382a4c7e96ebb,Store  Supervisor,Versace  대한민국,,"maintain  a  long  term  relationship...  skills  and  ability  to  maintain  long-  term  with  clients  and  community,  understand..."
https://kr.indeed.com/viewjob?jk=a974f70173d9512f,Digital  Operation,BD  서울,,"1  year  fixed-  term,  Outsourced  Job  Description  <Responsibilities>  1  year  fixed-  term,  Outsourced  Business  digital  tool..."
https://kr.indeed.com/viewjob?jk=7e0bf5e4e2188d69,Account  Manager  and  Sales  representative  -  Archaeology  or  Ge...,Beta  Analytic  서울  •  원격  근무,,Following  an  initial  trial  period...  could  grow...  long-  term  position...  remote  position  open  for  applicants...
https://kr.indeed.com/viewjob?jk=8537235e0a8ca065,Business  Development  Management  -  Gas  detection,"Draeger  Korea  Co.,Ltd.  경기도",,"publicly  traded,  worldwide  group.  The  company’s  long-  term  success  is  based...  four  key  strengths  of  its  value-driven..."
